<?xml version="1.0"?>
<index>
    <about></about>
    <patient_account></patient_account>
    <reports>
        <account_interest></account_interest>
        <age_analysis></age_analysis>
        <audit_trail></audit_trail>
        <daily_listing></daily_listing>
        <new_month_end></new_month_end>
        <payment_profile></payment_profile>
        <statements></statements>
        <transaction_summary></transaction_summary>
        <vat_report></vat_report>
    </reports>
    <services>
        <diagnoses></diagnoses>
        <doctors></doctors>
        <medical_aid></medical_aid>
        <nappi_codes></nappi_codes>
        <statement_messages></statement_messages>
        <tariff_codes></tariff_codes>
        <text_messages></text_messages>
        <therapist></therapist>
    </services>
    <switch>
        <new_batch></new_batch>
        <previous_batch></previous_batch>
        <verification></verification>
    </switch>
    <tools>
        <auto_transaction></auto_transaction>
        <backup></backup>
        <calculator></calculator>
        <check_data_integrity></check_data_integrity>
        <data_folder></data_folder>
        <email_outbox_statement></email_outbox_statement>
        <printer_setup></printer_setup>
        <remove_old_data></remove_old_data>
        <reindex></reindex>
        <restore></restore>
        <sms_history></sms_history>
        <system_variable></system_variable>
    </tools>
</index>